Emp ID,First Name,Last Name,E Mail,Phone No. ,Hours/Week,Full Name
53,Lois,Walker,lois.walker@hotmail.com,303-572-8492,26,Lois Walker
54,Brenda,Robinson,brenda.robinson@gmail.com,225-945-4954,40,Brenda Robinson
60,Joe,Robinson,joe.robinson@gmail.com,219-904-2161,27,Joe Robinson
58,Diane,Evans,diane.evans@yahoo.com,215-793-6791,25,Diane Evans
80,Benjamin,Russell,benjamin.russell@charter.net,262-404-2252,30,Benjamin Russell
86,Patrick,Bailey,patrick.bailey@aol.com,319-812-6957,40,Patrick Bailey
38,Nancy,Baker,nancy.baker@bp.com,229-336-5117,28,Nancy Baker
37,Carol,Murphy,carol.murphy@gmail.com,216-336-0009,34,Carol Murphy
13,Frances,Young,frances.young@gmail.com,210-819-9765,27,Frances Young
79,Diana,Peterson,diana.peterson@hotmail.co.uk,479-783-5656,34,Diana Peterson
74,Ralph,Flores,ralph.flores@yahoo.com,316-280-2864,27,Ralph Flores
55,Jack,Alexander,jack.alexander@gmail.com,702-603-3769,37,Jack Alexander
17,Melissa,King,melissa.king@comcast.net,216-605-3731,35,Melissa King
51,Wayne,Watson,wayne.watson@gmail.com,701-231-9370,35,Wayne Watson
91,Cheryl,Scott,cheryl.scott@gmail.com,215-288-9345,38,Cheryl Scott
41,Paula,Diaz,paula.diaz@gmail.com,252-531-7641,37,Paula Diaz
83,Joshua,Stewart,joshua.stewart@yahoo.ca,217-279-9342,31,Joshua Stewart
45,Theresa,Lee,theresa.lee@gmail.com,319-553-8919,35,Theresa Lee
7,Julia,Scott,julia.scott@apple.com,423-939-1010,27,Julia Scott
25,Thomas,Lewis,thomas.lewis@gmail.com,314-679-3697,40,Thomas Lewis
87,Carol,Edwards,carol.edwards@msn.com,225-283-4295,30,Carol Edwards
21,Matthew,Turner,matthew.turner@gmail.com,236-972-7624,34,Matthew Turner
82,Joan,Stewart,joan.stewart@yahoo.com,216-637-6800,39,Joan Stewart
52,Ruby,Rogers,ruby.rogers@gmail.com,423-231-6507,31,Ruby Rogers
99,Carolyn,Hayes,carolyn.hayes@hotmail.co.uk,239-882-8784,35,Carolyn Hayes
34,Anne,Russell,anne.russell@ibm.com,605-635-1306,29,Anne Russell
28,Daniel,Cooper,daniel.cooper@yahoo.com,701-510-8162,35,Daniel Cooper
68,Roger,Roberts,roger.roberts@gmail.com,206-497-3141,40,Roger Roberts
57,Maria,Walker,maria.walker@microsoft.com,423-668-5506,39,Maria Walker
43,Brenda,Butler,brenda.butler@gmail.com,480-814-8284,31,Brenda Butler
16,Lillian,Brown,lillian.brown@aol.com,239-812-9041,37,Lillian Brown
50,Amy,Howard,amy.howard@aol.com,803-613-3168,33,Amy Howard
9,Gregory,Edwards,gregory.edwards@outlook.com,503-256-9654,31,Gregory Edwards
40,Roy,Griffin,roy.griffin@yahoo.com,219-506-9378,40,Roy Griffin
32,Richard,Mitchell,richard.mitchell@verizon.net,205-621-5884,28,Richard Mitchell
67,Mary,Wilson,mary.wilson@sbcglobal.net,423-937-8660,33,Mary Wilson
36,Aaron,Price,aaron.price@bp.com,219-287-8926,36,Aaron Price
4,Donna,Brown,donna.brown@aol.com,212-434-7910,36,Donna Brown
2,Carl,Collins,carl.collins@yahoo.com,479-740-7633,39,Carl Collins
35,Joyce,Jenkins,joyce.jenkins@aol.com,262-455-4187,28,Joyce Jenkins
22,Mary,Bryant,mary.bryant@verizon.net,319-827-3516,26,Mary Bryant
95,Amanda,Hughes,amanda.hughes@rediffmail.com,225-544-9700,37,Amanda Hughes
75,Jack,Campbell,jack.campbell@gmail.com,316-499-5737,26,Jack Campbell
88,Alan,Rivera,alan.rivera@apple.com,423-277-6819,27,Alan Rivera
65,Elizabeth,Jackson,elizabeth.jackson@aol.com,603-568-6118,26,Elizabeth Jackson
47,Nancy,Davis,nancy.davis@ibm.com,219-610-3067,29,Nancy Davis
81,Ernest,Martinez,ernest.martinez@gmail.com,479-951-4138,37,Ernest Martinez
97,Judy,Hernandez,judy.hernandez@gmail.com,316-736-6126,37,Judy Hernandez
39,Nancy,Jones,nancy.jones@gmail.com,212-825-1930,30,Nancy Jones
56,Pamela,Wright,pamela.wright@aol.com,307-329-8832,26,Pamela Wright
29,Larry,Miller,larry.miller@shell.com,217-574-9283,30,Larry Miller
33,Ann,Coleman,ann.coleman@ibm.com,319-994-4179,26,Ann Coleman
77,Judy,Gonzales,judy.gonzales@gmail.com,201-640-8645,40,Judy Gonzales
20,Peter,Washington,peter.washington@bp.com,231-322-0316,28,Peter Washington
69,Clarence,Ross,clarence.ross@apple.com,423-772-0118,25,Clarence Ross
12,Sharon,Lopez,sharon.lopez@gmail.com,304-934-5548,25,Sharon Lopez
15,Ann,Cooper,ann.cooper@exxonmobil.com,406-278-6460,37,Ann Cooper
30,Anne,Perez,anne.perez@sbcglobal.net,423-837-3338,31,Anne Perez
14,Nancy,Howard,nancy.howard@gmail.com,236-973-8086,39,Nancy Howard
42,Antonio,Roberts,antonio.roberts@hotmail.com,205-267-7304,36,Antonio Roberts
59,Frances,Watson,frances.watson@outlook.com,406-530-8069,29,Frances Watson
61,Debra,Wood,debra.wood@hotmail.com,308-646-6219,37,Debra Wood
1,Henry,Jenkins,henry.jenkins@hotmail.com,314-731-7135,32,Henry Jenkins
24,Melissa,Butler,melissa.butler@hotmail.com,308-827-9016,31,Melissa Butler
27,Todd,Hall,todd.hall@yahoo.com,240-513-8668,33,Todd Hall
44,Christopher,Nelson,christopher.nelson@aol.com,480-946-9780,31,Christopher Nelson
98,Andrea,Garcia,andrea.garcia@aol.com,219-624-3708,35,Andrea Garcia
70,Jeremy,Sanchez,jeremy.sanchez@hotmail.com,423-974-2755,38,Jeremy Sanchez
85,Steven,Phillips,steven.phillips@hotmail.com,225-968-5952,30,Steven Phillips
63,Cynthia,Ramirez,cynthia.ramirez@btinternet.com,406-961-7340,39,Cynthia Ramirez
11,Jason,Anderson,jason.anderson@gmail.com,217-856-6752,36,Jason Anderson
76,Cynthia,White,cynthia.white@gmail.com,314-593-3092,32,Cynthia White
49,Margaret,Brooks,margaret.brooks@gmail.com,303-960-0117,29,Margaret Brooks
31,Douglas,Flores,douglas.flores@gmail.com,303-836-4721,30,Douglas Flores
96,Paul,Watson,paul.watson@hotmail.com,270-556-7711,35,Paul Watson
26,Linda,Moore,linda.moore@gmail.com,215-793-7095,40,Linda Moore
93,Cheryl,Miller,cheryl.miller@ntlworld.com,270-880-3858,30,Cheryl Miller
18,Martha,Washington,martha.washington@aol.com,405-945-0242,34,Martha Washington
23,William,Hernandez,william.hernandez@rediffmail.com,239-276-0532,38,William Hernandez
8,Carolyn,Price,carolyn.price@yahoo.com,217-409-4338,33,Carolyn Price
10,Ruby,Stewart,ruby.stewart@gmail.com,218-445-2369,28,Ruby Stewart
66,Paul,Cooper,paul.cooper@gmail.com,210-984-4722,30,Paul Cooper
46,Ernest,Washington,ernest.washington@msn.com,212-596-1659,32,Ernest Washington
5,Dorothy,Edwards,dorothy.edwards@hotmail.co.uk,215-902-6888,29,Dorothy Edwards
64,Ryan,Alexander,ryan.alexander@shell.com,225-395-3347,33,Ryan Alexander
84,Lillian,Mitchell,lillian.mitchell@shaw.ca,316-876-1484,25,Lillian Mitchell
92,Kelly,Adams,kelly.adams@bp.com,405-418-0037,28,Kelly Adams
6,Jimmy,Howard,jimmy.howard@yahoo.com,212-855-9316,35,Jimmy Howard
62,Margaret,Allen,margaret.allen@gmail.com,216-697-6987,28,Margaret Allen
100,Janet,Henderson,janet.henderson@ntlworld.com,239-769-6347,26,Janet Henderson
3,Eugene,Perez,eugene.perez@exxonmobil.com,262-472-7112,40,Eugene Perez
89,Deborah,Smith,deborah.smith@yahoo.com,907-279-8694,30,Deborah Smith
90,Janice,Parker,janice.parker@yahoo.com,314-842-5984,36,Janice Parker
78,Rebecca,Stewart,rebecca.stewart@gmail.com,209-233-7631,30,Rebecca Stewart
94,Phillip,White,phillip.white@gmail.com,503-668-6592,30,Phillip White
73,Jose,Hill,jose.hill@hotmail.com,228-245-5000,32,Jose Hill
48,Harold,Nelson,harold.nelson@gmail.com,217-555-9216,35,Harold Nelson
71,Nicole,Ward,nicole.ward@yahoo.com,231-761-7861,35,Nicole Ward
72,Theresa,Murphy,theresa.murphy@gmail.com,907-356-1555,38,Theresa Murphy
19,Tammy,Young,tammy.young@comcast.net,231-290-3075,34,Tammy Young
